{
  "n_train": 16973,
  "n_test": 4244,
  "labels": [
    "ALIGN_COMPONENTS",
    "AVOID",
    "BREAK_LARGEST_COMPONENT",
    "CORRESPOND",
    "EXPLORE_ACTION",
    "UNKNOWN"
  ],
  "classification_report": {
    "ALIGN_COMPONENTS": {
      "precision": 0.7880794701986755,
      "recall": 0.9444444444444444,
      "f1-score": 0.8592057761732852,
      "support": 252.0
    },
    "AVOID": {
      "precision": 0.7142857142857143,
      "recall": 0.9090909090909091,
      "f1-score": 0.8,
      "support": 22.0
    },
    "BREAK_LARGEST_COMPONENT": {
      "precision": 0.54296875,
      "recall": 0.7853107344632768,
      "f1-score": 0.6420323325635104,
      "support": 177.0
    },
    "CORRESPOND": {
      "precision": 0.7706093189964157,
      "recall": 0.9267241379310345,
      "f1-score": 0.8414872798434442,
      "support": 232.0
    },
    "EXPLORE_ACTION": {
      "precision": 0.8121546961325967,
      "recall": 0.9116279069767442,
      "f1-score": 0.8590211833455077,
      "support": 645.0
    },
    "UNKNOWN": {
      "precision": 0.9807909604519774,
      "recall": 0.8930041152263375,
      "f1-score": 0.934841141626279,
      "support": 2916.0
    },
    "accuracy": 0.8963242224316682,
    "macro avg": {
      "precision": 0.7681481516775633,
      "recall": 0.8950337080221243,
      "f1-score": 0.8227646189253378,
      "support": 4244.0
    },
    "weighted avg": {
      "precision": 0.9125879742330375,
      "recall": 0.8963242224316682,
      "f1-score": 0.9008129263956574,
      "support": 4244.0
    }
  },
  "confusion_matrix": [
    [
      238,
      2,
      3,
      1,
      6,
      2
    ],
    [
      0,
      20,
      0,
      1,
      0,
      1
    ],
    [
      2,
      1,
      139,
      17,
      7,
      11
    ],
    [
      1,
      0,
      12,
      215,
      2,
      2
    ],
    [
      6,
      0,
      11,
      5,
      588,
      35
    ],
    [
      55,
      5,
      91,
      40,
      121,
      2604
    ]
  ],
  "label_distribution": {
    "BREAK_LARGEST_COMPONENT": 900,
    "ALIGN_COMPONENTS": 1306,
    "CORRESPOND": 1245,
    "EXPLORE_ACTION": 3255,
    "AVOID": 113,
    "UNKNOWN": 14398
  }
}